<?xml version="1.0" encoding="UTF-8"?>
<project-private xmlns="http://www.netbeans.org/ns/project-private/1">
    <editor-bookmarks xmlns="http://www.netbeans.org/ns/editor-bookmarks/2" lastBookmarkId="0"/>
    <open-files xmlns="http://www.netbeans.org/ns/projectui-open-files/2">
        <group>
            <file>file:/C:/Users/Charles/Documents/NetBeansProjects/Data%20Structures/Unit%201/BankingClassesLib/src/Senior.java</file>
            <file>file:/C:/Users/Charles/Documents/NetBeansProjects/Data%20Structures/Unit%201/BankingClassesLib/src/Transaction.java</file>
            <file>file:/C:/Users/Charles/Documents/NetBeansProjects/Data%20Structures/Unit%201/BankingClassesLib/src/Adult.java</file>
            <file>file:/C:/Users/Charles/Documents/NetBeansProjects/Data%20Structures/Unit%201/BankingClassesLib/src/TestClass.java</file>
            <file>file:/C:/Users/Charles/Documents/NetBeansProjects/Data%20Structures/Unit%201/BankingClassesLib/src/Account.java</file>
            <file>file:/C:/Users/Charles/Documents/NetBeansProjects/Data%20Structures/Unit%201/BankingClassesLib/src/Customer.java</file>
            <file>file:/C:/Users/Charles/Documents/NetBeansProjects/Data%20Structures/Unit%201/BankingClassesLib/src/Bank.java</file>
            <file>file:/C:/Users/Charles/Documents/NetBeansProjects/Data%20Structures/Unit%201/BankingClassesLib/src/Student.java</file>
        </group>
    </open-files>
</project-private>
